Vc_V,Vc_mV,Vsense_ideal_mV,Vsense_floored_mV,Error_mV,Region_code,Region_desc,LT1970_floor_OK,LT1970_linear_OK
0.000000,0.00,0.0000,4.0000,4.0000,0,INVALID floor (Vc<40mV),YES,N/A
0.010000,10.00,1.0000,4.0000,3.0000,0,INVALID floor (Vc<40mV),YES,N/A
0.020000,20.00,2.0000,4.0000,2.0000,0,INVALID floor (Vc<40mV),YES,N/A
0.030000,30.00,3.0000,4.0000,1.0000,0,INVALID floor (Vc<40mV),YES,N/A
0.040000,40.00,4.0000,4.0000,0.0000,1,NONLINEAR <60mV,YES,N/A
0.050000,50.00,5.0000,5.0000,0.0000,1,NONLINEAR <60mV,YES,N/A
0.060000,60.00,6.0000,6.0000,0.0000,2,VALID linear (Vc>=60mV),YES,YES
0.070000,70.00,7.0000,7.0000,0.0000,2,VALID linear (Vc>=60mV),YES,YES
0.080000,80.00,8.0000,8.0000,0.0000,2,VALID linear (Vc>=60mV),YES,YES
0.090000,90.00,9.0000,9.0000,0.0000,2,VALID linear (Vc>=60mV),YES,YES
0.100000,100.00,10.0000,10.0000,0.0000,2,VALID linear (Vc>=60mV),YES,YES
0.110000,110.00,11.0000,11.0000,0.0000,2,VALID linear (Vc>=60mV),YES,YES
0.120000,120.00,12.0000,12.0000,0.0000,2,VALID linear (Vc>=60mV),YES,YES
0.130000,130.00,13.0000,13.0000,0.0000,2,VALID linear (Vc>=60mV),YES,YES
0.140000,140.00,14.0000,14.0000,0.0000,2,VALID linear (Vc>=60mV),YES,YES
0.150000,150.00,15.0000,15.0000,0.0000,2,VALID linear (Vc>=60mV),YES,YES
0.160000,160.00,16.0000,16.0000,0.0000,2,VALID linear (Vc>=60mV),YES,YES
0.170000,170.00,17.0000,17.0000,0.0000,2,VALID linear (Vc>=60mV),YES,YES
0.180000,180.00,18.0000,18.0000,0.0000,2,VALID linear (Vc>=60mV),YES,YES
0.190000,190.00,19.0000,19.0000,0.0000,2,VALID linear (Vc>=60mV),YES,YES
0.200000,200.00,20.0000,20.0000,0.0000,2,VALID linear (Vc>=60mV),YES,YES
0.210000,210.00,21.0000,21.0000,0.0000,2,VALID linear (Vc>=60mV),YES,YES
0.220000,220.00,22.0000,22.0000,0.0000,2,VALID linear (Vc>=60mV),YES,YES
0.230000,230.00,23.0000,23.0000,0.0000,2,VALID linear (Vc>=60mV),YES,YES
0.240000,240.00,24.0000,24.0000,0.0000,2,VALID linear (Vc>=60mV),YES,YES
0.250000,250.00,25.0000,25.0000,0.0000,2,VALID linear (Vc>=60mV),YES,YES
0.260000,260.00,26.0000,26.0000,0.0000,2,VALID linear (Vc>=60mV),YES,YES
0.270000,270.00,27.0000,27.0000,0.0000,2,VALID linear (Vc>=60mV),YES,YES
0.280000,280.00,28.0000,28.0000,0.0000,2,VALID linear (Vc>=60mV),YES,YES
0.290000,290.00,29.0000,29.0000,0.0000,2,VALID linear (Vc>=60mV),YES,YES
0.300000,300.00,30.0000,30.0000,0.0000,2,VALID linear (Vc>=60mV),YES,YES
0.310000,310.00,31.0000,31.0000,0.0000,2,VALID linear (Vc>=60mV),YES,YES
0.320000,320.00,32.0000,32.0000,0.0000,2,VALID linear (Vc>=60mV),YES,YES
0.330000,330.00,33.0000,33.0000,0.0000,2,VALID linear (Vc>=60mV),YES,YES
0.340000,340.00,34.0000,34.0000,0.0000,2,VALID linear (Vc>=60mV),YES,YES
0.350000,350.00,35.0000,35.0000,0.0000,2,VALID linear (Vc>=60mV),YES,YES
0.360000,360.00,36.0000,36.0000,0.0000,2,VALID linear (Vc>=60mV),YES,YES
0.370000,370.00,37.0000,37.0000,0.0000,2,VALID linear (Vc>=60mV),YES,YES
0.380000,380.00,38.0000,38.0000,0.0000,2,VALID linear (Vc>=60mV),YES,YES
0.390000,390.00,39.0000,39.0000,0.0000,2,VALID linear (Vc>=60mV),YES,YES
0.400000,400.00,40.0000,40.0000,0.0000,2,VALID linear (Vc>=60mV),YES,YES
0.410000,410.00,41.0000,41.0000,0.0000,2,VALID linear (Vc>=60mV),YES,YES
0.420000,420.00,42.0000,42.0000,0.0000,2,VALID linear (Vc>=60mV),YES,YES
0.430000,430.00,43.0000,43.0000,0.0000,2,VALID linear (Vc>=60mV),YES,YES
0.440000,440.00,44.0000,44.0000,0.0000,2,VALID linear (Vc>=60mV),YES,YES
0.450000,450.00,45.0000,45.0000,0.0000,2,VALID linear (Vc>=60mV),YES,YES
0.460000,460.00,46.0000,46.0000,0.0000,2,VALID linear (Vc>=60mV),YES,YES
0.470000,470.00,47.0000,47.0000,0.0000,2,VALID linear (Vc>=60mV),YES,YES
0.480000,480.00,48.0000,48.0000,0.0000,2,VALID linear (Vc>=60mV),YES,YES
0.490000,490.00,49.0000,49.0000,0.0000,2,VALID linear (Vc>=60mV),YES,YES
0.500000,500.00,50.0000,50.0000,0.0000,2,VALID linear (Vc>=60mV),YES,YES
0.510000,510.00,51.0000,51.0000,0.0000,2,VALID linear (Vc>=60mV),YES,YES
0.520000,520.00,52.0000,52.0000,0.0000,2,VALID linear (Vc>=60mV),YES,YES
0.530000,530.00,53.0000,53.0000,0.0000,2,VALID linear (Vc>=60mV),YES,YES
0.540000,540.00,54.0000,54.0000,0.0000,2,VALID linear (Vc>=60mV),YES,YES
0.550000,550.00,55.0000,55.0000,0.0000,2,VALID linear (Vc>=60mV),YES,YES
0.560000,560.00,56.0000,56.0000,0.0000,2,VALID linear (Vc>=60mV),YES,YES
0.570000,570.00,57.0000,57.0000,0.0000,2,VALID linear (Vc>=60mV),YES,YES
0.580000,580.00,58.0000,58.0000,0.0000,2,VALID linear (Vc>=60mV),YES,YES
0.590000,590.00,59.0000,59.0000,0.0000,2,VALID linear (Vc>=60mV),YES,YES
0.600000,600.00,60.0000,60.0000,0.0000,2,VALID linear (Vc>=60mV),YES,YES
0.610000,610.00,61.0000,61.0000,0.0000,2,VALID linear (Vc>=60mV),YES,YES
0.620000,620.00,62.0000,62.0000,0.0000,2,VALID linear (Vc>=60mV),YES,YES
0.630000,630.00,63.0000,63.0000,0.0000,2,VALID linear (Vc>=60mV),YES,YES
0.640000,640.00,64.0000,64.0000,0.0000,2,VALID linear (Vc>=60mV),YES,YES
0.650000,650.00,65.0000,65.0000,0.0000,2,VALID linear (Vc>=60mV),YES,YES
0.660000,660.00,66.0000,66.0000,0.0000,2,VALID linear (Vc>=60mV),YES,YES
0.670000,670.00,67.0000,67.0000,0.0000,2,VALID linear (Vc>=60mV),YES,YES
0.680000,680.00,68.0000,68.0000,0.0000,2,VALID linear (Vc>=60mV),YES,YES
0.690000,690.00,69.0000,69.0000,0.0000,2,VALID linear (Vc>=60mV),YES,YES
0.700000,700.00,70.0000,70.0000,0.0000,2,VALID linear (Vc>=60mV),YES,YES
0.710000,710.00,71.0000,71.0000,0.0000,2,VALID linear (Vc>=60mV),YES,YES
0.720000,720.00,72.0000,72.0000,0.0000,2,VALID linear (Vc>=60mV),YES,YES
0.730000,730.00,73.0000,73.0000,0.0000,2,VALID linear (Vc>=60mV),YES,YES
0.740000,740.00,74.0000,74.0000,0.0000,2,VALID linear (Vc>=60mV),YES,YES
0.750000,750.00,75.0000,75.0000,0.0000,2,VALID linear (Vc>=60mV),YES,YES
0.760000,760.00,76.0000,76.0000,0.0000,2,VALID linear (Vc>=60mV),YES,YES
0.770000,770.00,77.0000,77.0000,0.0000,2,VALID linear (Vc>=60mV),YES,YES
0.780000,780.00,78.0000,78.0000,0.0000,2,VALID linear (Vc>=60mV),YES,YES
0.790000,790.00,79.0000,79.0000,0.0000,2,VALID linear (Vc>=60mV),YES,YES
0.800000,800.00,80.0000,80.0000,0.0000,2,VALID linear (Vc>=60mV),YES,YES
0.810000,810.00,81.0000,81.0000,0.0000,2,VALID linear (Vc>=60mV),YES,YES
0.820000,820.00,82.0000,82.0000,0.0000,2,VALID linear (Vc>=60mV),YES,YES
0.830000,830.00,83.0000,83.0000,0.0000,2,VALID linear (Vc>=60mV),YES,YES
0.840000,840.00,84.0000,84.0000,0.0000,2,VALID linear (Vc>=60mV),YES,YES
0.850000,850.00,85.0000,85.0000,0.0000,2,VALID linear (Vc>=60mV),YES,YES
0.860000,860.00,86.0000,86.0000,0.0000,2,VALID linear (Vc>=60mV),YES,YES
0.870000,870.00,87.0000,87.0000,0.0000,2,VALID linear (Vc>=60mV),YES,YES
0.880000,880.00,88.0000,88.0000,0.0000,2,VALID linear (Vc>=60mV),YES,YES
0.890000,890.00,89.0000,89.0000,0.0000,2,VALID linear (Vc>=60mV),YES,YES
0.900000,900.00,90.0000,90.0000,0.0000,2,VALID linear (Vc>=60mV),YES,YES
0.910000,910.00,91.0000,91.0000,0.0000,2,VALID linear (Vc>=60mV),YES,YES
0.920000,920.00,92.0000,92.0000,0.0000,2,VALID linear (Vc>=60mV),YES,YES
0.930000,930.00,93.0000,93.0000,0.0000,2,VALID linear (Vc>=60mV),YES,YES
0.940000,940.00,94.0000,94.0000,0.0000,2,VALID linear (Vc>=60mV),YES,YES
0.950000,950.00,95.0000,95.0000,0.0000,2,VALID linear (Vc>=60mV),YES,YES
0.960000,960.00,96.0000,96.0000,0.0000,2,VALID linear (Vc>=60mV),YES,YES
0.970000,970.00,97.0000,97.0000,0.0000,2,VALID linear (Vc>=60mV),YES,YES
0.980000,980.00,98.0000,98.0000,0.0000,2,VALID linear (Vc>=60mV),YES,YES
0.990000,990.00,99.0000,99.0000,0.0000,2,VALID linear (Vc>=60mV),YES,YES
1.000000,1000.00,100.0000,100.0000,0.0000,2,VALID linear (Vc>=60mV),YES,YES
1.010000,1010.00,101.0000,101.0000,0.0000,2,VALID linear (Vc>=60mV),YES,YES
1.020000,1020.00,102.0000,102.0000,0.0000,2,VALID linear (Vc>=60mV),YES,YES
1.030000,1030.00,103.0000,103.0000,0.0000,2,VALID linear (Vc>=60mV),YES,YES
1.040000,1040.00,104.0000,104.0000,0.0000,2,VALID linear (Vc>=60mV),YES,YES
1.050000,1050.00,105.0000,105.0000,0.0000,2,VALID linear (Vc>=60mV),YES,YES
1.060000,1060.00,106.0000,106.0000,0.0000,2,VALID linear (Vc>=60mV),YES,YES
1.070000,1070.00,107.0000,107.0000,0.0000,2,VALID linear (Vc>=60mV),YES,YES
1.080000,1080.00,108.0000,108.0000,0.0000,2,VALID linear (Vc>=60mV),YES,YES
1.090000,1090.00,109.0000,109.0000,0.0000,2,VALID linear (Vc>=60mV),YES,YES
1.100000,1100.00,110.0000,110.0000,0.0000,2,VALID linear (Vc>=60mV),YES,YES
1.110000,1110.00,111.0000,111.0000,0.0000,2,VALID linear (Vc>=60mV),YES,YES
1.120000,1120.00,112.0000,112.0000,0.0000,2,VALID linear (Vc>=60mV),YES,YES
1.130000,1130.00,113.0000,113.0000,0.0000,2,VALID linear (Vc>=60mV),YES,YES
1.140000,1140.00,114.0000,114.0000,0.0000,2,VALID linear (Vc>=60mV),YES,YES
1.150000,1150.00,115.0000,115.0000,0.0000,2,VALID linear (Vc>=60mV),YES,YES
1.160000,1160.00,116.0000,116.0000,0.0000,2,VALID linear (Vc>=60mV),YES,YES
1.170000,1170.00,117.0000,117.0000,0.0000,2,VALID linear (Vc>=60mV),YES,YES
1.180000,1180.00,118.0000,118.0000,0.0000,2,VALID linear (Vc>=60mV),YES,YES
1.190000,1190.00,119.0000,119.0000,0.0000,2,VALID linear (Vc>=60mV),YES,YES
1.200000,1200.00,120.0000,120.0000,0.0000,2,VALID linear (Vc>=60mV),YES,YES
1.210000,1210.00,121.0000,121.0000,0.0000,2,VALID linear (Vc>=60mV),YES,YES
1.220000,1220.00,122.0000,122.0000,0.0000,2,VALID linear (Vc>=60mV),YES,YES
1.230000,1230.00,123.0000,123.0000,0.0000,2,VALID linear (Vc>=60mV),YES,YES
1.240000,1240.00,124.0000,124.0000,0.0000,2,VALID linear (Vc>=60mV),YES,YES
1.250000,1250.00,125.0000,125.0000,0.0000,2,VALID linear (Vc>=60mV),YES,YES
1.260000,1260.00,126.0000,126.0000,0.0000,2,VALID linear (Vc>=60mV),YES,YES
1.270000,1270.00,127.0000,127.0000,0.0000,2,VALID linear (Vc>=60mV),YES,YES
1.280000,1280.00,128.0000,128.0000,0.0000,2,VALID linear (Vc>=60mV),YES,YES
1.290000,1290.00,129.0000,129.0000,0.0000,2,VALID linear (Vc>=60mV),YES,YES
1.300000,1300.00,130.0000,130.0000,0.0000,2,VALID linear (Vc>=60mV),YES,YES
1.310000,1310.00,131.0000,131.0000,0.0000,2,VALID linear (Vc>=60mV),YES,YES
1.320000,1320.00,132.0000,132.0000,0.0000,2,VALID linear (Vc>=60mV),YES,YES
1.330000,1330.00,133.0000,133.0000,0.0000,2,VALID linear (Vc>=60mV),YES,YES
1.340000,1340.00,134.0000,134.0000,0.0000,2,VALID linear (Vc>=60mV),YES,YES
1.350000,1350.00,135.0000,135.0000,0.0000,2,VALID linear (Vc>=60mV),YES,YES
1.360000,1360.00,136.0000,136.0000,0.0000,2,VALID linear (Vc>=60mV),YES,YES
1.370000,1370.00,137.0000,137.0000,0.0000,2,VALID linear (Vc>=60mV),YES,YES
1.380000,1380.00,138.0000,138.0000,0.0000,2,VALID linear (Vc>=60mV),YES,YES
1.390000,1390.00,139.0000,139.0000,0.0000,2,VALID linear (Vc>=60mV),YES,YES
1.400000,1400.00,140.0000,140.0000,0.0000,2,VALID linear (Vc>=60mV),YES,YES
1.410000,1410.00,141.0000,141.0000,0.0000,2,VALID linear (Vc>=60mV),YES,YES
1.420000,1420.00,142.0000,142.0000,0.0000,2,VALID linear (Vc>=60mV),YES,YES
1.430000,1430.00,143.0000,143.0000,0.0000,2,VALID linear (Vc>=60mV),YES,YES
1.440000,1440.00,144.0000,144.0000,0.0000,2,VALID linear (Vc>=60mV),YES,YES
1.450000,1450.00,145.0000,145.0000,0.0000,2,VALID linear (Vc>=60mV),YES,YES
1.460000,1460.00,146.0000,146.0000,0.0000,2,VALID linear (Vc>=60mV),YES,YES
1.470000,1470.00,147.0000,147.0000,0.0000,2,VALID linear (Vc>=60mV),YES,YES
1.480000,1480.00,148.0000,148.0000,0.0000,2,VALID linear (Vc>=60mV),YES,YES
1.490000,1490.00,149.0000,149.0000,0.0000,2,VALID linear (Vc>=60mV),YES,YES
1.500000,1500.00,150.0000,150.0000,0.0000,2,VALID linear (Vc>=60mV),YES,YES
1.510000,1510.00,151.0000,151.0000,0.0000,2,VALID linear (Vc>=60mV),YES,YES
1.520000,1520.00,152.0000,152.0000,0.0000,2,VALID linear (Vc>=60mV),YES,YES
1.530000,1530.00,153.0000,153.0000,0.0000,2,VALID linear (Vc>=60mV),YES,YES
1.540000,1540.00,154.0000,154.0000,0.0000,2,VALID linear (Vc>=60mV),YES,YES
1.550000,1550.00,155.0000,155.0000,0.0000,2,VALID linear (Vc>=60mV),YES,YES
1.560000,1560.00,156.0000,156.0000,0.0000,2,VALID linear (Vc>=60mV),YES,YES
1.570000,1570.00,157.0000,157.0000,0.0000,2,VALID linear (Vc>=60mV),YES,YES
1.580000,1580.00,158.0000,158.0000,0.0000,2,VALID linear (Vc>=60mV),YES,YES
1.590000,1590.00,159.0000,159.0000,0.0000,2,VALID linear (Vc>=60mV),YES,YES
1.600000,1600.00,160.0000,160.0000,0.0000,2,VALID linear (Vc>=60mV),YES,YES
1.610000,1610.00,161.0000,161.0000,0.0000,2,VALID linear (Vc>=60mV),YES,YES
1.620000,1620.00,162.0000,162.0000,0.0000,2,VALID linear (Vc>=60mV),YES,YES
1.630000,1630.00,163.0000,163.0000,0.0000,2,VALID linear (Vc>=60mV),YES,YES
1.640000,1640.00,164.0000,164.0000,0.0000,2,VALID linear (Vc>=60mV),YES,YES
1.650000,1650.00,165.0000,165.0000,0.0000,2,VALID linear (Vc>=60mV),YES,YES
1.660000,1660.00,166.0000,166.0000,0.0000,2,VALID linear (Vc>=60mV),YES,YES
1.670000,1670.00,167.0000,167.0000,0.0000,2,VALID linear (Vc>=60mV),YES,YES
1.680000,1680.00,168.0000,168.0000,0.0000,2,VALID linear (Vc>=60mV),YES,YES
1.690000,1690.00,169.0000,169.0000,0.0000,2,VALID linear (Vc>=60mV),YES,YES
1.700000,1700.00,170.0000,170.0000,0.0000,2,VALID linear (Vc>=60mV),YES,YES
1.710000,1710.00,171.0000,171.0000,0.0000,2,VALID linear (Vc>=60mV),YES,YES
1.720000,1720.00,172.0000,172.0000,0.0000,2,VALID linear (Vc>=60mV),YES,YES
1.730000,1730.00,173.0000,173.0000,0.0000,2,VALID linear (Vc>=60mV),YES,YES
1.740000,1740.00,174.0000,174.0000,0.0000,2,VALID linear (Vc>=60mV),YES,YES
1.750000,1750.00,175.0000,175.0000,0.0000,2,VALID linear (Vc>=60mV),YES,YES
1.760000,1760.00,176.0000,176.0000,0.0000,2,VALID linear (Vc>=60mV),YES,YES
1.770000,1770.00,177.0000,177.0000,0.0000,2,VALID linear (Vc>=60mV),YES,YES
1.780000,1780.00,178.0000,178.0000,0.0000,2,VALID linear (Vc>=60mV),YES,YES
1.790000,1790.00,179.0000,179.0000,0.0000,2,VALID linear (Vc>=60mV),YES,YES
1.800000,1800.00,180.0000,180.0000,0.0000,2,VALID linear (Vc>=60mV),YES,YES
1.810000,1810.00,181.0000,181.0000,0.0000,2,VALID linear (Vc>=60mV),YES,YES
1.820000,1820.00,182.0000,182.0000,0.0000,2,VALID linear (Vc>=60mV),YES,YES
1.830000,1830.00,183.0000,183.0000,0.0000,2,VALID linear (Vc>=60mV),YES,YES
1.840000,1840.00,184.0000,184.0000,0.0000,2,VALID linear (Vc>=60mV),YES,YES
1.850000,1850.00,185.0000,185.0000,0.0000,2,VALID linear (Vc>=60mV),YES,YES
1.860000,1860.00,186.0000,186.0000,0.0000,2,VALID linear (Vc>=60mV),YES,YES
1.870000,1870.00,187.0000,187.0000,0.0000,2,VALID linear (Vc>=60mV),YES,YES
1.880000,1880.00,188.0000,188.0000,0.0000,2,VALID linear (Vc>=60mV),YES,YES
1.890000,1890.00,189.0000,189.0000,0.0000,2,VALID linear (Vc>=60mV),YES,YES
1.900000,1900.00,190.0000,190.0000,0.0000,2,VALID linear (Vc>=60mV),YES,YES
1.910000,1910.00,191.0000,191.0000,0.0000,2,VALID linear (Vc>=60mV),YES,YES
1.920000,1920.00,192.0000,192.0000,0.0000,2,VALID linear (Vc>=60mV),YES,YES
1.930000,1930.00,193.0000,193.0000,0.0000,2,VALID linear (Vc>=60mV),YES,YES
1.940000,1940.00,194.0000,194.0000,0.0000,2,VALID linear (Vc>=60mV),YES,YES
1.950000,1950.00,195.0000,195.0000,0.0000,2,VALID linear (Vc>=60mV),YES,YES
1.960000,1960.00,196.0000,196.0000,0.0000,2,VALID linear (Vc>=60mV),YES,YES
1.970000,1970.00,197.0000,197.0000,0.0000,2,VALID linear (Vc>=60mV),YES,YES
1.980000,1980.00,198.0000,198.0000,0.0000,2,VALID linear (Vc>=60mV),YES,YES
1.990000,1990.00,199.0000,199.0000,0.0000,2,VALID linear (Vc>=60mV),YES,YES
2.000000,2000.00,200.0000,200.0000,0.0000,2,VALID linear (Vc>=60mV),YES,YES
2.010000,2010.00,201.0000,201.0000,0.0000,2,VALID linear (Vc>=60mV),YES,YES
2.020000,2020.00,202.0000,202.0000,0.0000,2,VALID linear (Vc>=60mV),YES,YES
2.030000,2030.00,203.0000,203.0000,0.0000,2,VALID linear (Vc>=60mV),YES,YES
2.040000,2040.00,204.0000,204.0000,0.0000,2,VALID linear (Vc>=60mV),YES,YES
2.050000,2050.00,205.0000,205.0000,0.0000,2,VALID linear (Vc>=60mV),YES,YES
2.060000,2060.00,206.0000,206.0000,0.0000,2,VALID linear (Vc>=60mV),YES,YES
2.070000,2070.00,207.0000,207.0000,0.0000,2,VALID linear (Vc>=60mV),YES,YES
2.080000,2080.00,208.0000,208.0000,0.0000,2,VALID linear (Vc>=60mV),YES,YES
2.090000,2090.00,209.0000,209.0000,0.0000,2,VALID linear (Vc>=60mV),YES,YES
2.100000,2100.00,210.0000,210.0000,0.0000,2,VALID linear (Vc>=60mV),YES,YES
2.110000,2110.00,211.0000,211.0000,0.0000,2,VALID linear (Vc>=60mV),YES,YES
2.120000,2120.00,212.0000,212.0000,0.0000,2,VALID linear (Vc>=60mV),YES,YES
2.130000,2130.00,213.0000,213.0000,0.0000,2,VALID linear (Vc>=60mV),YES,YES
2.140000,2140.00,214.0000,214.0000,0.0000,2,VALID linear (Vc>=60mV),YES,YES
2.150000,2150.00,215.0000,215.0000,0.0000,2,VALID linear (Vc>=60mV),YES,YES
2.160000,2160.00,216.0000,216.0000,0.0000,2,VALID linear (Vc>=60mV),YES,YES
2.170000,2170.00,217.0000,217.0000,0.0000,2,VALID linear (Vc>=60mV),YES,YES
2.180000,2180.00,218.0000,218.0000,0.0000,2,VALID linear (Vc>=60mV),YES,YES
2.190000,2190.00,219.0000,219.0000,0.0000,2,VALID linear (Vc>=60mV),YES,YES
2.200000,2200.00,220.0000,220.0000,0.0000,2,VALID linear (Vc>=60mV),YES,YES
2.210000,2210.00,221.0000,221.0000,0.0000,2,VALID linear (Vc>=60mV),YES,YES
2.220000,2220.00,222.0000,222.0000,0.0000,2,VALID linear (Vc>=60mV),YES,YES
2.230000,2230.00,223.0000,223.0000,0.0000,2,VALID linear (Vc>=60mV),YES,YES
2.240000,2240.00,224.0000,224.0000,0.0000,2,VALID linear (Vc>=60mV),YES,YES
2.250000,2250.00,225.0000,225.0000,0.0000,2,VALID linear (Vc>=60mV),YES,YES
2.260000,2260.00,226.0000,226.0000,0.0000,2,VALID linear (Vc>=60mV),YES,YES
2.270000,2270.00,227.0000,227.0000,0.0000,2,VALID linear (Vc>=60mV),YES,YES
2.280000,2280.00,228.0000,228.0000,0.0000,2,VALID linear (Vc>=60mV),YES,YES
2.290000,2290.00,229.0000,229.0000,0.0000,2,VALID linear (Vc>=60mV),YES,YES
2.300000,2300.00,230.0000,230.0000,0.0000,2,VALID linear (Vc>=60mV),YES,YES
2.310000,2310.00,231.0000,231.0000,0.0000,2,VALID linear (Vc>=60mV),YES,YES
2.320000,2320.00,232.0000,232.0000,0.0000,2,VALID linear (Vc>=60mV),YES,YES
2.330000,2330.00,233.0000,233.0000,0.0000,2,VALID linear (Vc>=60mV),YES,YES
2.340000,2340.00,234.0000,234.0000,0.0000,2,VALID linear (Vc>=60mV),YES,YES
2.350000,2350.00,235.0000,235.0000,0.0000,2,VALID linear (Vc>=60mV),YES,YES
2.360000,2360.00,236.0000,236.0000,0.0000,2,VALID linear (Vc>=60mV),YES,YES
2.370000,2370.00,237.0000,237.0000,0.0000,2,VALID linear (Vc>=60mV),YES,YES
2.380000,2380.00,238.0000,238.0000,0.0000,2,VALID linear (Vc>=60mV),YES,YES
2.390000,2390.00,239.0000,239.0000,0.0000,2,VALID linear (Vc>=60mV),YES,YES
2.400000,2400.00,240.0000,240.0000,0.0000,2,VALID linear (Vc>=60mV),YES,YES
2.410000,2410.00,241.0000,241.0000,0.0000,2,VALID linear (Vc>=60mV),YES,YES
2.420000,2420.00,242.0000,242.0000,0.0000,2,VALID linear (Vc>=60mV),YES,YES
2.430000,2430.00,243.0000,243.0000,0.0000,2,VALID linear (Vc>=60mV),YES,YES
2.440000,2440.00,244.0000,244.0000,0.0000,2,VALID linear (Vc>=60mV),YES,YES
2.450000,2450.00,245.0000,245.0000,0.0000,2,VALID linear (Vc>=60mV),YES,YES
2.460000,2460.00,246.0000,246.0000,0.0000,2,VALID linear (Vc>=60mV),YES,YES
2.470000,2470.00,247.0000,247.0000,0.0000,2,VALID linear (Vc>=60mV),YES,YES
2.480000,2480.00,248.0000,248.0000,0.0000,2,VALID linear (Vc>=60mV),YES,YES
2.490000,2490.00,249.0000,249.0000,0.0000,2,VALID linear (Vc>=60mV),YES,YES
2.500000,2500.00,250.0000,250.0000,0.0000,2,VALID linear (Vc>=60mV),YES,YES
2.510000,2510.00,251.0000,251.0000,0.0000,2,VALID linear (Vc>=60mV),YES,YES
2.520000,2520.00,252.0000,252.0000,0.0000,2,VALID linear (Vc>=60mV),YES,YES
2.530000,2530.00,253.0000,253.0000,0.0000,2,VALID linear (Vc>=60mV),YES,YES
2.540000,2540.00,254.0000,254.0000,0.0000,2,VALID linear (Vc>=60mV),YES,YES
2.550000,2550.00,255.0000,255.0000,0.0000,2,VALID linear (Vc>=60mV),YES,YES
2.560000,2560.00,256.0000,256.0000,0.0000,2,VALID linear (Vc>=60mV),YES,YES
2.570000,2570.00,257.0000,257.0000,0.0000,2,VALID linear (Vc>=60mV),YES,YES
2.580000,2580.00,258.0000,258.0000,0.0000,2,VALID linear (Vc>=60mV),YES,YES
2.590000,2590.00,259.0000,259.0000,0.0000,2,VALID linear (Vc>=60mV),YES,YES
2.600000,2600.00,260.0000,260.0000,0.0000,2,VALID linear (Vc>=60mV),YES,YES
2.610000,2610.00,261.0000,261.0000,0.0000,2,VALID linear (Vc>=60mV),YES,YES
2.620000,2620.00,262.0000,262.0000,0.0000,2,VALID linear (Vc>=60mV),YES,YES
2.630000,2630.00,263.0000,263.0000,0.0000,2,VALID linear (Vc>=60mV),YES,YES
2.640000,2640.00,264.0000,264.0000,0.0000,2,VALID linear (Vc>=60mV),YES,YES
2.650000,2650.00,265.0000,265.0000,0.0000,2,VALID linear (Vc>=60mV),YES,YES
2.660000,2660.00,266.0000,266.0000,0.0000,2,VALID linear (Vc>=60mV),YES,YES
2.670000,2670.00,267.0000,267.0000,0.0000,2,VALID linear (Vc>=60mV),YES,YES
2.680000,2680.00,268.0000,268.0000,0.0000,2,VALID linear (Vc>=60mV),YES,YES
2.690000,2690.00,269.0000,269.0000,0.0000,2,VALID linear (Vc>=60mV),YES,YES
2.700000,2700.00,270.0000,270.0000,0.0000,2,VALID linear (Vc>=60mV),YES,YES
2.710000,2710.00,271.0000,271.0000,0.0000,2,VALID linear (Vc>=60mV),YES,YES
2.720000,2720.00,272.0000,272.0000,0.0000,2,VALID linear (Vc>=60mV),YES,YES
2.730000,2730.00,273.0000,273.0000,0.0000,2,VALID linear (Vc>=60mV),YES,YES
2.740000,2740.00,274.0000,274.0000,0.0000,2,VALID linear (Vc>=60mV),YES,YES
2.750000,2750.00,275.0000,275.0000,0.0000,2,VALID linear (Vc>=60mV),YES,YES
2.760000,2760.00,276.0000,276.0000,0.0000,2,VALID linear (Vc>=60mV),YES,YES
2.770000,2770.00,277.0000,277.0000,0.0000,2,VALID linear (Vc>=60mV),YES,YES
2.780000,2780.00,278.0000,278.0000,0.0000,2,VALID linear (Vc>=60mV),YES,YES
2.790000,2790.00,279.0000,279.0000,0.0000,2,VALID linear (Vc>=60mV),YES,YES
2.800000,2800.00,280.0000,280.0000,0.0000,2,VALID linear (Vc>=60mV),YES,YES
2.810000,2810.00,281.0000,281.0000,0.0000,2,VALID linear (Vc>=60mV),YES,YES
2.820000,2820.00,282.0000,282.0000,0.0000,2,VALID linear (Vc>=60mV),YES,YES
2.830000,2830.00,283.0000,283.0000,0.0000,2,VALID linear (Vc>=60mV),YES,YES
2.840000,2840.00,284.0000,284.0000,0.0000,2,VALID linear (Vc>=60mV),YES,YES
2.850000,2850.00,285.0000,285.0000,0.0000,2,VALID linear (Vc>=60mV),YES,YES
2.860000,2860.00,286.0000,286.0000,0.0000,2,VALID linear (Vc>=60mV),YES,YES
2.870000,2870.00,287.0000,287.0000,0.0000,2,VALID linear (Vc>=60mV),YES,YES
2.880000,2880.00,288.0000,288.0000,0.0000,2,VALID linear (Vc>=60mV),YES,YES
2.890000,2890.00,289.0000,289.0000,0.0000,2,VALID linear (Vc>=60mV),YES,YES
2.900000,2900.00,290.0000,290.0000,0.0000,2,VALID linear (Vc>=60mV),YES,YES
2.910000,2910.00,291.0000,291.0000,0.0000,2,VALID linear (Vc>=60mV),YES,YES
2.920000,2920.00,292.0000,292.0000,0.0000,2,VALID linear (Vc>=60mV),YES,YES
2.930000,2930.00,293.0000,293.0000,0.0000,2,VALID linear (Vc>=60mV),YES,YES
2.940000,2940.00,294.0000,294.0000,0.0000,2,VALID linear (Vc>=60mV),YES,YES
2.950000,2950.00,295.0000,295.0000,0.0000,2,VALID linear (Vc>=60mV),YES,YES
2.960000,2960.00,296.0000,296.0000,0.0000,2,VALID linear (Vc>=60mV),YES,YES
2.970000,2970.00,297.0000,297.0000,0.0000,2,VALID linear (Vc>=60mV),YES,YES
2.980000,2980.00,298.0000,298.0000,0.0000,2,VALID linear (Vc>=60mV),YES,YES
2.990000,2990.00,299.0000,299.0000,0.0000,2,VALID linear (Vc>=60mV),YES,YES
3.000000,3000.00,300.0000,300.0000,0.0000,2,VALID linear (Vc>=60mV),YES,YES
3.010000,3010.00,301.0000,301.0000,0.0000,2,VALID linear (Vc>=60mV),YES,YES
3.020000,3020.00,302.0000,302.0000,0.0000,2,VALID linear (Vc>=60mV),YES,YES
3.030000,3030.00,303.0000,303.0000,0.0000,2,VALID linear (Vc>=60mV),YES,YES
3.040000,3040.00,304.0000,304.0000,0.0000,2,VALID linear (Vc>=60mV),YES,YES
3.050000,3050.00,305.0000,305.0000,0.0000,2,VALID linear (Vc>=60mV),YES,YES
3.060000,3060.00,306.0000,306.0000,0.0000,2,VALID linear (Vc>=60mV),YES,YES
3.070000,3070.00,307.0000,307.0000,0.0000,2,VALID linear (Vc>=60mV),YES,YES
3.080000,3080.00,308.0000,308.0000,0.0000,2,VALID linear (Vc>=60mV),YES,YES
3.090000,3090.00,309.0000,309.0000,0.0000,2,VALID linear (Vc>=60mV),YES,YES
3.100000,3100.00,310.0000,310.0000,0.0000,2,VALID linear (Vc>=60mV),YES,YES
3.110000,3110.00,311.0000,311.0000,0.0000,2,VALID linear (Vc>=60mV),YES,YES
3.120000,3120.00,312.0000,312.0000,0.0000,2,VALID linear (Vc>=60mV),YES,YES
3.130000,3130.00,313.0000,313.0000,0.0000,2,VALID linear (Vc>=60mV),YES,YES
3.140000,3140.00,314.0000,314.0000,0.0000,2,VALID linear (Vc>=60mV),YES,YES
3.150000,3150.00,315.0000,315.0000,0.0000,2,VALID linear (Vc>=60mV),YES,YES
3.160000,3160.00,316.0000,316.0000,0.0000,2,VALID linear (Vc>=60mV),YES,YES
3.170000,3170.00,317.0000,317.0000,0.0000,2,VALID linear (Vc>=60mV),YES,YES
3.180000,3180.00,318.0000,318.0000,0.0000,2,VALID linear (Vc>=60mV),YES,YES
3.190000,3190.00,319.0000,319.0000,0.0000,2,VALID linear (Vc>=60mV),YES,YES
3.200000,3200.00,320.0000,320.0000,0.0000,2,VALID linear (Vc>=60mV),YES,YES
3.210000,3210.00,321.0000,321.0000,0.0000,2,VALID linear (Vc>=60mV),YES,YES
3.220000,3220.00,322.0000,322.0000,0.0000,2,VALID linear (Vc>=60mV),YES,YES
3.230000,3230.00,323.0000,323.0000,0.0000,2,VALID linear (Vc>=60mV),YES,YES
3.240000,3240.00,324.0000,324.0000,0.0000,2,VALID linear (Vc>=60mV),YES,YES
3.250000,3250.00,325.0000,325.0000,0.0000,2,VALID linear (Vc>=60mV),YES,YES
3.260000,3260.00,326.0000,326.0000,0.0000,2,VALID linear (Vc>=60mV),YES,YES
3.270000,3270.00,327.0000,327.0000,0.0000,2,VALID linear (Vc>=60mV),YES,YES
3.280000,3280.00,328.0000,328.0000,0.0000,2,VALID linear (Vc>=60mV),YES,YES
3.290000,3290.00,329.0000,329.0000,0.0000,2,VALID linear (Vc>=60mV),YES,YES
3.300000,3300.00,330.0000,330.0000,0.0000,2,VALID linear (Vc>=60mV),YES,YES
3.310000,3310.00,331.0000,331.0000,0.0000,2,VALID linear (Vc>=60mV),YES,YES
3.320000,3320.00,332.0000,332.0000,0.0000,2,VALID linear (Vc>=60mV),YES,YES
3.330000,3330.00,333.0000,333.0000,0.0000,2,VALID linear (Vc>=60mV),YES,YES
3.340000,3340.00,334.0000,334.0000,0.0000,2,VALID linear (Vc>=60mV),YES,YES
3.350000,3350.00,335.0000,335.0000,0.0000,2,VALID linear (Vc>=60mV),YES,YES
3.360000,3360.00,336.0000,336.0000,0.0000,2,VALID linear (Vc>=60mV),YES,YES
3.370000,3370.00,337.0000,337.0000,0.0000,2,VALID linear (Vc>=60mV),YES,YES
3.380000,3380.00,338.0000,338.0000,0.0000,2,VALID linear (Vc>=60mV),YES,YES
3.390000,3390.00,339.0000,339.0000,0.0000,2,VALID linear (Vc>=60mV),YES,YES
3.400000,3400.00,340.0000,340.0000,0.0000,2,VALID linear (Vc>=60mV),YES,YES
3.410000,3410.00,341.0000,341.0000,0.0000,2,VALID linear (Vc>=60mV),YES,YES
3.420000,3420.00,342.0000,342.0000,0.0000,2,VALID linear (Vc>=60mV),YES,YES
3.430000,3430.00,343.0000,343.0000,0.0000,2,VALID linear (Vc>=60mV),YES,YES
3.440000,3440.00,344.0000,344.0000,0.0000,2,VALID linear (Vc>=60mV),YES,YES
3.450000,3450.00,345.0000,345.0000,0.0000,2,VALID linear (Vc>=60mV),YES,YES
3.460000,3460.00,346.0000,346.0000,0.0000,2,VALID linear (Vc>=60mV),YES,YES
3.470000,3470.00,347.0000,347.0000,0.0000,2,VALID linear (Vc>=60mV),YES,YES
3.480000,3480.00,348.0000,348.0000,0.0000,2,VALID linear (Vc>=60mV),YES,YES
3.490000,3490.00,349.0000,349.0000,0.0000,2,VALID linear (Vc>=60mV),YES,YES
3.500000,3500.00,350.0000,350.0000,0.0000,2,VALID linear (Vc>=60mV),YES,YES
3.510000,3510.00,351.0000,351.0000,0.0000,2,VALID linear (Vc>=60mV),YES,YES
3.520000,3520.00,352.0000,352.0000,0.0000,2,VALID linear (Vc>=60mV),YES,YES
3.530000,3530.00,353.0000,353.0000,0.0000,2,VALID linear (Vc>=60mV),YES,YES
3.540000,3540.00,354.0000,354.0000,0.0000,2,VALID linear (Vc>=60mV),YES,YES
3.550000,3550.00,355.0000,355.0000,0.0000,2,VALID linear (Vc>=60mV),YES,YES
3.560000,3560.00,356.0000,356.0000,0.0000,2,VALID linear (Vc>=60mV),YES,YES
3.570000,3570.00,357.0000,357.0000,0.0000,2,VALID linear (Vc>=60mV),YES,YES
3.580000,3580.00,358.0000,358.0000,0.0000,2,VALID linear (Vc>=60mV),YES,YES
3.590000,3590.00,359.0000,359.0000,0.0000,2,VALID linear (Vc>=60mV),YES,YES
3.600000,3600.00,360.0000,360.0000,0.0000,2,VALID linear (Vc>=60mV),YES,YES
3.610000,3610.00,361.0000,361.0000,0.0000,2,VALID linear (Vc>=60mV),YES,YES
3.620000,3620.00,362.0000,362.0000,0.0000,2,VALID linear (Vc>=60mV),YES,YES
3.630000,3630.00,363.0000,363.0000,0.0000,2,VALID linear (Vc>=60mV),YES,YES
3.640000,3640.00,364.0000,364.0000,0.0000,2,VALID linear (Vc>=60mV),YES,YES
3.650000,3650.00,365.0000,365.0000,0.0000,2,VALID linear (Vc>=60mV),YES,YES
3.660000,3660.00,366.0000,366.0000,0.0000,2,VALID linear (Vc>=60mV),YES,YES
3.670000,3670.00,367.0000,367.0000,0.0000,2,VALID linear (Vc>=60mV),YES,YES
3.680000,3680.00,368.0000,368.0000,0.0000,2,VALID linear (Vc>=60mV),YES,YES
3.690000,3690.00,369.0000,369.0000,0.0000,2,VALID linear (Vc>=60mV),YES,YES
3.700000,3700.00,370.0000,370.0000,0.0000,2,VALID linear (Vc>=60mV),YES,YES
3.710000,3710.00,371.0000,371.0000,0.0000,2,VALID linear (Vc>=60mV),YES,YES
3.720000,3720.00,372.0000,372.0000,0.0000,2,VALID linear (Vc>=60mV),YES,YES
3.730000,3730.00,373.0000,373.0000,0.0000,2,VALID linear (Vc>=60mV),YES,YES
3.740000,3740.00,374.0000,374.0000,0.0000,2,VALID linear (Vc>=60mV),YES,YES
3.750000,3750.00,375.0000,375.0000,0.0000,2,VALID linear (Vc>=60mV),YES,YES
3.760000,3760.00,376.0000,376.0000,0.0000,2,VALID linear (Vc>=60mV),YES,YES
3.770000,3770.00,377.0000,377.0000,0.0000,2,VALID linear (Vc>=60mV),YES,YES
3.780000,3780.00,378.0000,378.0000,0.0000,2,VALID linear (Vc>=60mV),YES,YES
3.790000,3790.00,379.0000,379.0000,0.0000,2,VALID linear (Vc>=60mV),YES,YES
3.800000,3800.00,380.0000,380.0000,0.0000,2,VALID linear (Vc>=60mV),YES,YES
3.810000,3810.00,381.0000,381.0000,0.0000,2,VALID linear (Vc>=60mV),YES,YES
3.820000,3820.00,382.0000,382.0000,0.0000,2,VALID linear (Vc>=60mV),YES,YES
3.830000,3830.00,383.0000,383.0000,0.0000,2,VALID linear (Vc>=60mV),YES,YES
3.840000,3840.00,384.0000,384.0000,0.0000,2,VALID linear (Vc>=60mV),YES,YES
3.850000,3850.00,385.0000,385.0000,0.0000,2,VALID linear (Vc>=60mV),YES,YES
3.860000,3860.00,386.0000,386.0000,0.0000,2,VALID linear (Vc>=60mV),YES,YES
3.870000,3870.00,387.0000,387.0000,0.0000,2,VALID linear (Vc>=60mV),YES,YES
3.880000,3880.00,388.0000,388.0000,0.0000,2,VALID linear (Vc>=60mV),YES,YES
3.890000,3890.00,389.0000,389.0000,0.0000,2,VALID linear (Vc>=60mV),YES,YES
3.900000,3900.00,390.0000,390.0000,0.0000,2,VALID linear (Vc>=60mV),YES,YES
3.910000,3910.00,391.0000,391.0000,0.0000,2,VALID linear (Vc>=60mV),YES,YES
3.920000,3920.00,392.0000,392.0000,0.0000,2,VALID linear (Vc>=60mV),YES,YES
3.930000,3930.00,393.0000,393.0000,0.0000,2,VALID linear (Vc>=60mV),YES,YES
3.940000,3940.00,394.0000,394.0000,0.0000,2,VALID linear (Vc>=60mV),YES,YES
3.950000,3950.00,395.0000,395.0000,0.0000,2,VALID linear (Vc>=60mV),YES,YES
3.960000,3960.00,396.0000,396.0000,0.0000,2,VALID linear (Vc>=60mV),YES,YES
3.970000,3970.00,397.0000,397.0000,0.0000,2,VALID linear (Vc>=60mV),YES,YES
3.980000,3980.00,398.0000,398.0000,0.0000,2,VALID linear (Vc>=60mV),YES,YES
3.990000,3990.00,399.0000,399.0000,0.0000,2,VALID linear (Vc>=60mV),YES,YES
4.000000,4000.00,400.0000,400.0000,0.0000,2,VALID linear (Vc>=60mV),YES,YES
4.010000,4010.00,401.0000,401.0000,0.0000,2,VALID linear (Vc>=60mV),YES,YES
4.020000,4020.00,402.0000,402.0000,0.0000,2,VALID linear (Vc>=60mV),YES,YES
4.030000,4030.00,403.0000,403.0000,0.0000,2,VALID linear (Vc>=60mV),YES,YES
4.040000,4040.00,404.0000,404.0000,0.0000,2,VALID linear (Vc>=60mV),YES,YES
4.050000,4050.00,405.0000,405.0000,0.0000,2,VALID linear (Vc>=60mV),YES,YES
4.060000,4060.00,406.0000,406.0000,0.0000,2,VALID linear (Vc>=60mV),YES,YES
4.070000,4070.00,407.0000,407.0000,0.0000,2,VALID linear (Vc>=60mV),YES,YES
4.080000,4080.00,408.0000,408.0000,0.0000,2,VALID linear (Vc>=60mV),YES,YES
4.090000,4090.00,409.0000,409.0000,0.0000,2,VALID linear (Vc>=60mV),YES,YES
4.100000,4100.00,410.0000,410.0000,0.0000,2,VALID linear (Vc>=60mV),YES,YES
4.110000,4110.00,411.0000,411.0000,0.0000,2,VALID linear (Vc>=60mV),YES,YES
4.120000,4120.00,412.0000,412.0000,0.0000,2,VALID linear (Vc>=60mV),YES,YES
4.130000,4130.00,413.0000,413.0000,0.0000,2,VALID linear (Vc>=60mV),YES,YES
4.140000,4140.00,414.0000,414.0000,0.0000,2,VALID linear (Vc>=60mV),YES,YES
4.150000,4150.00,415.0000,415.0000,0.0000,2,VALID linear (Vc>=60mV),YES,YES
4.160000,4160.00,416.0000,416.0000,0.0000,2,VALID linear (Vc>=60mV),YES,YES
4.170000,4170.00,417.0000,417.0000,0.0000,2,VALID linear (Vc>=60mV),YES,YES
4.180000,4180.00,418.0000,418.0000,0.0000,2,VALID linear (Vc>=60mV),YES,YES
4.190000,4190.00,419.0000,419.0000,0.0000,2,VALID linear (Vc>=60mV),YES,YES
4.200000,4200.00,420.0000,420.0000,0.0000,2,VALID linear (Vc>=60mV),YES,YES
4.210000,4210.00,421.0000,421.0000,0.0000,2,VALID linear (Vc>=60mV),YES,YES
4.220000,4220.00,422.0000,422.0000,0.0000,2,VALID linear (Vc>=60mV),YES,YES
4.230000,4230.00,423.0000,423.0000,0.0000,2,VALID linear (Vc>=60mV),YES,YES
4.240000,4240.00,424.0000,424.0000,0.0000,2,VALID linear (Vc>=60mV),YES,YES
4.250000,4250.00,425.0000,425.0000,0.0000,2,VALID linear (Vc>=60mV),YES,YES
4.260000,4260.00,426.0000,426.0000,0.0000,2,VALID linear (Vc>=60mV),YES,YES
4.270000,4270.00,427.0000,427.0000,0.0000,2,VALID linear (Vc>=60mV),YES,YES
4.280000,4280.00,428.0000,428.0000,0.0000,2,VALID linear (Vc>=60mV),YES,YES
4.290000,4290.00,429.0000,429.0000,0.0000,2,VALID linear (Vc>=60mV),YES,YES
4.300000,4300.00,430.0000,430.0000,0.0000,2,VALID linear (Vc>=60mV),YES,YES
4.310000,4310.00,431.0000,431.0000,0.0000,2,VALID linear (Vc>=60mV),YES,YES
4.320000,4320.00,432.0000,432.0000,0.0000,2,VALID linear (Vc>=60mV),YES,YES
4.330000,4330.00,433.0000,433.0000,0.0000,2,VALID linear (Vc>=60mV),YES,YES
4.340000,4340.00,434.0000,434.0000,0.0000,2,VALID linear (Vc>=60mV),YES,YES
4.350000,4350.00,435.0000,435.0000,0.0000,2,VALID linear (Vc>=60mV),YES,YES
4.360000,4360.00,436.0000,436.0000,0.0000,2,VALID linear (Vc>=60mV),YES,YES
4.370000,4370.00,437.0000,437.0000,0.0000,2,VALID linear (Vc>=60mV),YES,YES
4.380000,4380.00,438.0000,438.0000,0.0000,2,VALID linear (Vc>=60mV),YES,YES
4.390000,4390.00,439.0000,439.0000,0.0000,2,VALID linear (Vc>=60mV),YES,YES
4.400000,4400.00,440.0000,440.0000,0.0000,2,VALID linear (Vc>=60mV),YES,YES
4.410000,4410.00,441.0000,441.0000,0.0000,2,VALID linear (Vc>=60mV),YES,YES
4.420000,4420.00,442.0000,442.0000,0.0000,2,VALID linear (Vc>=60mV),YES,YES
4.430000,4430.00,443.0000,443.0000,0.0000,2,VALID linear (Vc>=60mV),YES,YES
4.440000,4440.00,444.0000,444.0000,0.0000,2,VALID linear (Vc>=60mV),YES,YES
4.450000,4450.00,445.0000,445.0000,0.0000,2,VALID linear (Vc>=60mV),YES,YES
4.460000,4460.00,446.0000,446.0000,0.0000,2,VALID linear (Vc>=60mV),YES,YES
4.470000,4470.00,447.0000,447.0000,0.0000,2,VALID linear (Vc>=60mV),YES,YES
4.480000,4480.00,448.0000,448.0000,0.0000,2,VALID linear (Vc>=60mV),YES,YES
4.490000,4490.00,449.0000,449.0000,0.0000,2,VALID linear (Vc>=60mV),YES,YES
4.500000,4500.00,450.0000,450.0000,0.0000,2,VALID linear (Vc>=60mV),YES,YES
4.510000,4510.00,451.0000,451.0000,0.0000,2,VALID linear (Vc>=60mV),YES,YES
4.520000,4520.00,452.0000,452.0000,0.0000,2,VALID linear (Vc>=60mV),YES,YES
4.530000,4530.00,453.0000,453.0000,0.0000,2,VALID linear (Vc>=60mV),YES,YES
4.540000,4540.00,454.0000,454.0000,0.0000,2,VALID linear (Vc>=60mV),YES,YES
4.550000,4550.00,455.0000,455.0000,0.0000,2,VALID linear (Vc>=60mV),YES,YES
4.560000,4560.00,456.0000,456.0000,0.0000,2,VALID linear (Vc>=60mV),YES,YES
4.570000,4570.00,457.0000,457.0000,0.0000,2,VALID linear (Vc>=60mV),YES,YES
4.580000,4580.00,458.0000,458.0000,0.0000,2,VALID linear (Vc>=60mV),YES,YES
4.590000,4590.00,459.0000,459.0000,0.0000,2,VALID linear (Vc>=60mV),YES,YES
4.600000,4600.00,460.0000,460.0000,0.0000,2,VALID linear (Vc>=60mV),YES,YES
4.610000,4610.00,461.0000,461.0000,0.0000,2,VALID linear (Vc>=60mV),YES,YES
4.620000,4620.00,462.0000,462.0000,0.0000,2,VALID linear (Vc>=60mV),YES,YES
4.630000,4630.00,463.0000,463.0000,0.0000,2,VALID linear (Vc>=60mV),YES,YES
4.640000,4640.00,464.0000,464.0000,0.0000,2,VALID linear (Vc>=60mV),YES,YES
4.650000,4650.00,465.0000,465.0000,0.0000,2,VALID linear (Vc>=60mV),YES,YES
4.660000,4660.00,466.0000,466.0000,0.0000,2,VALID linear (Vc>=60mV),YES,YES
4.670000,4670.00,467.0000,467.0000,0.0000,2,VALID linear (Vc>=60mV),YES,YES
4.680000,4680.00,468.0000,468.0000,0.0000,2,VALID linear (Vc>=60mV),YES,YES
4.690000,4690.00,469.0000,469.0000,0.0000,2,VALID linear (Vc>=60mV),YES,YES
4.700000,4700.00,470.0000,470.0000,0.0000,2,VALID linear (Vc>=60mV),YES,YES
4.710000,4710.00,471.0000,471.0000,0.0000,2,VALID linear (Vc>=60mV),YES,YES
4.720000,4720.00,472.0000,472.0000,0.0000,2,VALID linear (Vc>=60mV),YES,YES
4.730000,4730.00,473.0000,473.0000,0.0000,2,VALID linear (Vc>=60mV),YES,YES
4.740000,4740.00,474.0000,474.0000,0.0000,2,VALID linear (Vc>=60mV),YES,YES
4.750000,4750.00,475.0000,475.0000,0.0000,2,VALID linear (Vc>=60mV),YES,YES
4.760000,4760.00,476.0000,476.0000,0.0000,2,VALID linear (Vc>=60mV),YES,YES
4.770000,4770.00,477.0000,477.0000,0.0000,2,VALID linear (Vc>=60mV),YES,YES
4.780000,4780.00,478.0000,478.0000,0.0000,2,VALID linear (Vc>=60mV),YES,YES
4.790000,4790.00,479.0000,479.0000,0.0000,2,VALID linear (Vc>=60mV),YES,YES
4.800000,4800.00,480.0000,480.0000,0.0000,2,VALID linear (Vc>=60mV),YES,YES
4.810000,4810.00,481.0000,481.0000,0.0000,2,VALID linear (Vc>=60mV),YES,YES
4.820000,4820.00,482.0000,482.0000,0.0000,2,VALID linear (Vc>=60mV),YES,YES
4.830000,4830.00,483.0000,483.0000,0.0000,2,VALID linear (Vc>=60mV),YES,YES
4.840000,4840.00,484.0000,484.0000,0.0000,2,VALID linear (Vc>=60mV),YES,YES
4.850000,4850.00,485.0000,485.0000,0.0000,2,VALID linear (Vc>=60mV),YES,YES
4.860000,4860.00,486.0000,486.0000,0.0000,2,VALID linear (Vc>=60mV),YES,YES
4.870000,4870.00,487.0000,487.0000,0.0000,2,VALID linear (Vc>=60mV),YES,YES
4.880000,4880.00,488.0000,488.0000,0.0000,2,VALID linear (Vc>=60mV),YES,YES
4.890000,4890.00,489.0000,489.0000,0.0000,2,VALID linear (Vc>=60mV),YES,YES
4.900000,4900.00,490.0000,490.0000,0.0000,2,VALID linear (Vc>=60mV),YES,YES
4.910000,4910.00,491.0000,491.0000,0.0000,2,VALID linear (Vc>=60mV),YES,YES
4.920000,4920.00,492.0000,492.0000,0.0000,2,VALID linear (Vc>=60mV),YES,YES
4.930000,4930.00,493.0000,493.0000,0.0000,2,VALID linear (Vc>=60mV),YES,YES
4.940000,4940.00,494.0000,494.0000,0.0000,2,VALID linear (Vc>=60mV),YES,YES
4.950000,4950.00,495.0000,495.0000,0.0000,2,VALID linear (Vc>=60mV),YES,YES
4.960000,4960.00,496.0000,496.0000,0.0000,2,VALID linear (Vc>=60mV),YES,YES
4.970000,4970.00,497.0000,497.0000,0.0000,2,VALID linear (Vc>=60mV),YES,YES
4.980000,4980.00,498.0000,498.0000,0.0000,2,VALID linear (Vc>=60mV),YES,YES
4.990000,4990.00,499.0000,499.0000,0.0000,2,VALID linear (Vc>=60mV),YES,YES
5.000000,5000.00,500.0000,500.0000,0.0000,2,VALID linear (Vc>=60mV),YES,YES
